theme,task,target,run_time
default,charger_employe,json_demo,0.07509185075759887
default,charger_employe,,-1
default,charger_employe,errorInfo,-1
default,charger_employe,xml_demo,-0.0033422112464904785
default,charger_employe,before_ini_demo,-1
default,charger_employe,r_demo,-1
default,charger_employe,before_xml_demo,-1
default,charger_employe,ini_demo,-0.0005435824394226102
default,charger_employe_coordonnees,json_demo,0.058072352409362794
default,charger_employe_coordonnees,errorInfo,-1
default,charger_employe_coordonnees,xml_demo,0.03417130708694458
default,charger_employe_coordonnees,before_ini_demo,-1
default,charger_employe_coordonnees,ini_demo,-0.0057504415512084975
